dataset,classifier,resampling,balancing,threshold,fixed_threshold,train_size,train_size_class_0,train_size_class_1,test_size,test_size_class_0,test_size_class_1,feature,n_term,tp,fp,tn,fn,acc_class_0,acc_class_1,balanced_acc,precision,recall,fmeasure
gnome,knn,boot,downsample,4,64,2160,1080,1080,720,360,360,short_long_description,200,191,104,169,256,0.6474576271186441,0.3976470588235294,0.5225523429710868,0.6474576271186441,0.4272930648769575,0.5148247978436657
gnome,knn,boot,manual,4,64,2160,1080,1080,720,360,360,short_long_description,200,191,104,169,256,0.6474576271186441,0.3976470588235294,0.5225523429710868,0.6474576271186441,0.4272930648769575,0.5148247978436657
gnome,knn,boot,smote,4,64,2506,1080,1426,835,360,475,short_long_description,200,204,111,156,364,0.6476190476190476,0.3,0.4738095238095238,0.6476190476190476,0.3591549295774648,0.46206115515288787
gnome,knn,boot,unbalanced,4,64,2506,1080,1426,835,360,475,short_long_description,200,182,130,178,345,0.5833333333333334,0.3403441682600382,0.4618387507966858,0.5833333333333334,0.34535104364326374,0.433849821215733
gnome,knn,boot,downsample,8,64,2628,1314,1314,876,438,438,short_long_description,200,253,129,185,309,0.662303664921466,0.37449392712550605,0.518398796023486,0.662303664921466,0.4501779359430605,0.5360169491525424
gnome,knn,boot,manual,8,64,2628,1314,1314,876,438,438,short_long_description,200,253,129,185,309,0.662303664921466,0.37449392712550605,0.518398796023486,0.662303664921466,0.4501779359430605,0.5360169491525424
gnome,knn,boot,smote,8,64,2740,1314,1426,913,438,475,short_long_description,200,261,131,177,344,0.6658163265306123,0.3397312859884837,0.5027738062595479,0.6658163265306123,0.43140495867768597,0.5235707121364092
gnome,knn,boot,unbalanced,8,64,2740,1314,1426,913,438,475,short_long_description,200,236,142,202,333,0.6243386243386243,0.3775700934579439,0.5009543588982841,0.6243386243386243,0.4147627416520211,0.49841605068637806
gnome,knn,boot,downsample,12,64,2852,1426,1426,950,475,475,short_long_description,200,271,137,204,338,0.6642156862745098,0.3763837638376384,0.5202997250560741,0.6642156862745098,0.44499178981937604,0.5329400196656834
gnome,knn,boot,manual,12,64,2852,1426,1426,950,475,475,short_long_description,200,271,137,204,338,0.6642156862745098,0.3763837638376384,0.5202997250560741,0.6642156862745098,0.44499178981937604,0.5329400196656834
gnome,knn,boot,smote,12,64,2884,1458,1426,961,486,475,short_long_description,200,277,144,209,331,0.6579572446555819,0.387037037037037,0.5224971408463095,0.6579572446555819,0.4555921052631579,0.5383867832847424
gnome,knn,boot,unbalanced,12,64,2884,1458,1426,961,486,475,short_long_description,200,273,127,213,348,0.6825,0.37967914438502676,0.5310895721925134,0.6825,0.4396135265700483,0.5347698334965719
gnome,knn,boot,downsample,16,64,2852,1426,1426,950,475,475,short_long_description,200,221,103,254,372,0.6820987654320988,0.4057507987220447,0.5439247820770717,0.6820987654320988,0.37268128161888703,0.4820065430752454
gnome,knn,boot,manual,16,64,2852,1426,1426,950,475,475,short_long_description,200,221,103,254,372,0.6820987654320988,0.4057507987220447,0.5439247820770717,0.6820987654320988,0.37268128161888703,0.4820065430752454
gnome,knn,boot,smote,16,64,2990,1564,1426,996,521,475,short_long_description,200,312,160,209,315,0.6610169491525424,0.3988549618320611,0.5299359554923018,0.6610169491525424,0.49760765550239233,0.5677888989990901
gnome,knn,boot,unbalanced,16,64,2990,1564,1426,996,521,475,short_long_description,200,307,145,214,330,0.6792035398230089,0.39338235294117646,0.5362929463820927,0.6792035398230089,0.48194662480376765,0.5638200183654729
gnome,knn,boot,downsample,20,64,2852,1426,1426,950,475,475,short_long_description,200,282,130,193,345,0.6844660194174758,0.3587360594795539,0.5216010394485149,0.6844660194174758,0.44976076555023925,0.5428296438883542
gnome,knn,boot,manual,20,64,2852,1426,1426,950,475,475,short_long_description,200,282,130,193,345,0.6844660194174758,0.3587360594795539,0.5216010394485149,0.6844660194174758,0.44976076555023925,0.5428296438883542
gnome,knn,boot,smote,20,64,3077,1651,1426,1025,550,475,short_long_description,200,369,164,181,311,0.6923076923076923,0.3678861788617886,0.5300969355847405,0.6923076923076923,0.5426470588235294,0.6084089035449298
gnome,knn,boot,unbalanced,20,64,3077,1651,1426,1025,550,475,short_long_description,200,327,145,223,330,0.6927966101694916,0.40325497287522605,0.5480257915223588,0.6927966101694916,0.4977168949771689,0.5792736935341011
gnome,knn,boot,downsample,24,64,2852,1426,1426,950,475,475,short_long_description,200,286,138,189,337,0.6745283018867925,0.3593155893536122,0.5169219456202023,0.6745283018867925,0.4590690208667737,0.5463228271251195
gnome,knn,boot,manual,24,64,2852,1426,1426,950,475,475,short_long_description,200,286,138,189,337,0.6745283018867925,0.3593155893536122,0.5169219456202023,0.6745283018867925,0.4590690208667737,0.5463228271251195
gnome,knn,boot,smote,24,64,3142,1716,1426,1047,572,475,short_long_description,200,354,158,218,317,0.69140625,0.4074766355140187,0.5494414427570093,0.69140625,0.5275707898658718,0.5984784446322908
gnome,knn,boot,unbalanced,24,64,3142,1716,1426,1047,572,475,short_long_description,200,349,133,223,342,0.7240663900414938,0.39469026548672564,0.5593783277641097,0.7240663900414938,0.5050651230101303,0.5950554134697358
gnome,knn,boot,downsample,28,64,2852,1426,1426,950,475,475,short_long_description,200,238,133,237,342,0.6415094339622641,0.40932642487046633,0.5254179294163652,0.6415094339622641,0.4103448275862069,0.5005257623554153
gnome,knn,boot,manual,28,64,2852,1426,1426,950,475,475,short_long_description,200,238,133,237,342,0.6415094339622641,0.40932642487046633,0.5254179294163652,0.6415094339622641,0.4103448275862069,0.5005257623554153
gnome,knn,boot,smote,28,64,3202,1776,1426,1067,592,475,short_long_description,200,394,185,198,290,0.6804835924006909,0.4057377049180328,0.5431106486593619,0.6804835924006909,0.5760233918128655,0.6239113222486146
gnome,knn,boot,unbalanced,28,64,3202,1776,1426,1067,592,475,short_long_description,200,373,188,219,287,0.6648841354723708,0.43280632411067194,0.5488452297915214,0.6648841354723708,0.5651515151515152,0.610974610974611
gnome,knn,boot,downsample,32,64,2852,1426,1426,950,475,475,short_long_description,200,279,147,196,328,0.6549295774647887,0.37404580152671757,0.5144876894957532,0.6549295774647887,0.4596375617792422,0.5401742497579864
gnome,knn,boot,manual,32,64,2852,1426,1426,950,475,475,short_long_description,200,279,147,196,328,0.6549295774647887,0.37404580152671757,0.5144876894957532,0.6549295774647887,0.4596375617792422,0.5401742497579864
gnome,knn,boot,smote,32,64,3259,1833,1426,1086,611,475,short_long_description,200,414,181,197,294,0.6957983193277311,0.40122199592668023,0.5485101576272057,0.6957983193277311,0.5847457627118644,0.6354566385264773
gnome,knn,boot,unbalanced,32,64,3259,1833,1426,1086,611,475,short_long_description,200,406,169,205,306,0.7060869565217391,0.40117416829745595,0.5536305624095975,0.7060869565217391,0.5702247191011236,0.6309246309246309
gnome,knn,boot,downsample,36,64,2852,1426,1426,950,475,475,short_long_description,200,266,145,209,330,0.6472019464720195,0.3877551020408163,0.5174785242564179,0.6472019464720195,0.4463087248322148,0.5283018867924528
gnome,knn,boot,manual,36,64,2852,1426,1426,950,475,475,short_long_description,200,266,145,209,330,0.6472019464720195,0.3877551020408163,0.5174785242564179,0.6472019464720195,0.4463087248322148,0.5283018867924528
gnome,knn,boot,smote,36,64,3317,1891,1426,1105,630,475,short_long_description,200,423,174,207,301,0.7085427135678392,0.4074803149606299,0.5580115142642346,0.7085427135678392,0.5842541436464088,0.6404239212717637
gnome,knn,boot,unbalanced,36,64,3317,1891,1426,1105,630,475,short_long_description,200,404,187,226,288,0.6835871404399323,0.4396887159533074,0.5616379281966198,0.6835871404399323,0.5838150289017341,0.6297739672642244
gnome,knn,boot,downsample,40,64,2852,1426,1426,950,475,475,short_long_description,200,272,140,203,335,0.6601941747572816,0.37732342007434944,0.5187587974158155,0.6601941747572816,0.44810543657331137,0.533856722276742
gnome,knn,boot,manual,40,64,2852,1426,1426,950,475,475,short_long_description,200,272,140,203,335,0.6601941747572816,0.37732342007434944,0.5187587974158155,0.6601941747572816,0.44810543657331137,0.533856722276742
gnome,knn,boot,smote,40,64,3374,1948,1426,1124,649,475,short_long_description,200,440,193,209,282,0.6951026856240127,0.4256619144602851,0.5603823000421488,0.6951026856240127,0.6094182825484764,0.6494464944649447
gnome,knn,boot,unbalanced,40,64,3374,1948,1426,1124,649,475,short_long_description,200,458,178,191,297,0.720125786163522,0.39139344262295084,0.5557596143932364,0.720125786163522,0.6066225165562914,0.6585190510424155
gnome,knn,boot,downsample,44,64,2852,1426,1426,950,475,475,short_long_description,200,260,131,215,344,0.6649616368286445,0.38461538461538464,0.5247885107220146,0.6649616368286445,0.4304635761589404,0.5226130653266331
gnome,knn,boot,manual,44,64,2852,1426,1426,950,475,475,short_long_description,200,260,131,215,344,0.6649616368286445,0.38461538461538464,0.5247885107220146,0.6649616368286445,0.4304635761589404,0.5226130653266331
gnome,knn,boot,smote,44,64,3418,1992,1426,1139,664,475,short_long_description,200,458,194,206,281,0.7024539877300614,0.42299794661190965,0.5627259671709856,0.7024539877300614,0.6197564276048715,0.6585190510424156
gnome,knn,boot,unbalanced,44,64,3418,1992,1426,1139,664,475,short_long_description,200,452,187,212,288,0.7073552425665102,0.424,0.565677621283255,0.7073552425665102,0.6108108108108108,0.6555474981870921
gnome,knn,boot,downsample,48,64,2852,1426,1426,950,475,475,short_long_description,200,263,134,212,341,0.6624685138539043,0.3833634719710669,0.5229159929124856,0.6624685138539043,0.43543046357615894,0.5254745254745254
gnome,knn,boot,manual,48,64,2852,1426,1426,950,475,475,short_long_description,200,263,134,212,341,0.6624685138539043,0.3833634719710669,0.5229159929124856,0.6624685138539043,0.43543046357615894,0.5254745254745254
gnome,knn,boot,smote,48,64,3454,2028,1426,1151,676,475,short_long_description,200,494,211,182,264,0.700709219858156,0.4080717488789238,0.5543904843685399,0.700709219858156,0.6517150395778364,0.6753246753246753
gnome,knn,boot,unbalanced,48,64,3454,2028,1426,1151,676,475,short_long_description,200,488,195,188,280,0.7144948755490483,0.4017094017094017,0.5581021386292251,0.7144948755490483,0.6354166666666666,0.6726395589248794
gnome,knn,boot,downsample,52,64,2852,1426,1426,950,475,475,short_long_description,200,224,104,251,371,0.6829268292682927,0.40353697749196143,0.5432319033801271,0.6829268292682927,0.3764705882352941,0.48537378114842905
gnome,knn,boot,manual,52,64,2852,1426,1426,950,475,475,short_long_description,200,224,104,251,371,0.6829268292682927,0.40353697749196143,0.5432319033801271,0.6829268292682927,0.3764705882352941,0.48537378114842905
gnome,knn,boot,smote,52,64,3486,2060,1426,1161,686,475,short_long_description,200,499,200,187,275,0.7138769670958512,0.40476190476190477,0.559319435928878,0.7138769670958512,0.6447028423772609,0.6775288526816021
gnome,knn,boot,unbalanced,52,64,3486,2060,1426,1161,686,475,short_long_description,200,484,172,202,303,0.7378048780487805,0.4,0.5689024390243902,0.7378048780487805,0.6149936467598475,0.6708246708246708
gnome,knn,boot,downsample,56,64,2852,1426,1426,950,475,475,short_long_description,200,282,142,193,333,0.6650943396226415,0.3669201520912547,0.5160072458569481,0.6650943396226415,0.4585365853658537,0.5428296438883542
gnome,knn,boot,manual,56,64,2852,1426,1426,950,475,475,short_long_description,200,282,142,193,333,0.6650943396226415,0.3669201520912547,0.5160072458569481,0.6650943396226415,0.4585365853658537,0.5428296438883542
gnome,knn,boot,smote,56,64,3517,2091,1426,1171,696,475,short_long_description,200,491,201,205,274,0.7095375722543352,0.4279749478079332,0.5687562600311342,0.7095375722543352,0.6418300653594772,0.673987645847632
gnome,knn,boot,unbalanced,56,64,3517,2091,1426,1171,696,475,short_long_description,200,488,204,208,271,0.7052023121387283,0.4342379958246347,0.5697201539816815,0.7052023121387283,0.6429512516469038,0.6726395589248794
gnome,knn,boot,downsample,60,64,2852,1426,1426,950,475,475,short_long_description,200,275,146,200,329,0.6532066508313539,0.3780718336483932,0.5156392422398736,0.6532066508313539,0.4552980132450331,0.5365853658536586
gnome,knn,boot,manual,60,64,2852,1426,1426,950,475,475,short_long_description,200,275,146,200,329,0.6532066508313539,0.3780718336483932,0.5156392422398736,0.6532066508313539,0.4552980132450331,0.5365853658536586
gnome,knn,boot,smote,60,64,3546,2120,1426,1181,706,475,short_long_description,200,502,197,204,278,0.7181688125894135,0.42323651452282157,0.5707026635561175,0.7181688125894135,0.6435897435897436,0.6788370520622043
gnome,knn,boot,unbalanced,60,64,3546,2120,1426,1181,706,475,short_long_description,200,495,201,211,274,0.7112068965517241,0.4350515463917526,0.5731292214717383,0.7112068965517241,0.6436931079323797,0.6757679180887372
gnome,knn,boot,downsample,64,64,2852,1426,1426,950,475,475,short_long_description,200,257,153,218,322,0.6268292682926829,0.40370370370370373,0.5152664859981934,0.6268292682926829,0.4438687392055268,0.5197168857431749
gnome,knn,boot,manual,64,64,2852,1426,1426,950,475,475,short_long_description,200,257,153,218,322,0.6268292682926829,0.40370370370370373,0.5152664859981934,0.6268292682926829,0.4438687392055268,0.5197168857431749
gnome,knn,boot,smote,64,64,3583,2157,1426,1194,719,475,short_long_description,200,522,190,197,285,0.7331460674157303,0.4087136929460581,0.5709298801808942,0.7331460674157303,0.6468401486988847,0.6872942725477287
gnome,knn,boot,unbalanced,64,64,3583,2157,1426,1194,719,475,short_long_description,200,511,211,208,264,0.7077562326869806,0.4406779661016949,0.5742170993943377,0.7077562326869806,0.6593548387096774,0.6826987307949232
gnome,knn,cv,downsample,4,64,2160,1080,1080,720,360,360,short_long_description,200,203,110,157,250,0.6485623003194888,0.3857493857493858,0.5171558430344373,0.6485623003194888,0.4481236203090508,0.5300261096605745
gnome,knn,cv,manual,4,64,2160,1080,1080,720,360,360,short_long_description,200,203,110,157,250,0.6485623003194888,0.3857493857493858,0.5171558430344373,0.6485623003194888,0.4481236203090508,0.5300261096605745
gnome,knn,cv,smote,4,64,2506,1080,1426,835,360,475,short_long_description,200,204,111,156,364,0.6476190476190476,0.3,0.4738095238095238,0.6476190476190476,0.3591549295774648,0.46206115515288787
gnome,knn,cv,unbalanced,4,64,2506,1080,1426,835,360,475,short_long_description,200,182,129,178,346,0.5852090032154341,0.33969465648854963,0.46245182985199185,0.5852090032154341,0.3446969696969697,0.43384982121573307
gnome,knn,cv,downsample,8,64,2628,1314,1314,876,438,438,short_long_description,200,253,129,185,309,0.662303664921466,0.37449392712550605,0.518398796023486,0.662303664921466,0.4501779359430605,0.5360169491525424
gnome,knn,cv,manual,8,64,2628,1314,1314,876,438,438,short_long_description,200,253,129,185,309,0.662303664921466,0.37449392712550605,0.518398796023486,0.662303664921466,0.4501779359430605,0.5360169491525424
gnome,knn,cv,smote,8,64,2740,1314,1426,913,438,475,short_long_description,200,264,127,174,348,0.6751918158567775,0.3333333333333333,0.5042625745950554,0.6751918158567775,0.43137254901960786,0.5264207377866401
gnome,knn,cv,unbalanced,8,64,2740,1314,1426,913,438,475,short_long_description,200,237,138,201,337,0.632,0.3736059479553903,0.5028029739776951,0.632,0.41289198606271776,0.4994731296101159
gnome,knn,cv,downsample,12,64,2852,1426,1426,950,475,475,short_long_description,200,273,138,202,337,0.6642335766423357,0.3747680890538033,0.5195008328480695,0.6642335766423357,0.44754098360655736,0.534769833496572
gnome,knn,cv,manual,12,64,2852,1426,1426,950,475,475,short_long_description,200,273,138,202,337,0.6642335766423357,0.3747680890538033,0.5195008328480695,0.6642335766423357,0.44754098360655736,0.534769833496572
gnome,knn,cv,smote,12,64,2884,1458,1426,961,486,475,short_long_description,200,277,143,209,332,0.6595238095238095,0.38632162661737524,0.5229227180705924,0.6595238095238095,0.4548440065681445,0.5383867832847424
gnome,knn,cv,unbalanced,12,64,2884,1458,1426,961,486,475,short_long_description,200,273,127,213,348,0.6825,0.37967914438502676,0.5310895721925134,0.6825,0.4396135265700483,0.5347698334965719
gnome,knn,cv,downsample,16,64,2852,1426,1426,950,475,475,short_long_description,200,235,113,240,362,0.6752873563218391,0.39867109634551495,0.536979226333677,0.6752873563218391,0.3936348408710218,0.49735449735449744
gnome,knn,cv,manual,16,64,2852,1426,1426,950,475,475,short_long_description,200,235,113,240,362,0.6752873563218391,0.39867109634551495,0.536979226333677,0.6752873563218391,0.3936348408710218,0.49735449735449744
gnome,knn,cv,smote,16,64,2990,1564,1426,996,521,475,short_long_description,200,316,152,205,323,0.6752136752136753,0.38825757575757575,0.5317356254856255,0.6752136752136753,0.4945226917057903,0.5709123757904245
gnome,knn,cv,unbalanced,16,64,2990,1564,1426,996,521,475,short_long_description,200,305,153,216,322,0.665938864628821,0.40148698884758366,0.5337129267382024,0.665938864628821,0.4864433811802233,0.5622119815668204
gnome,knn,cv,downsample,20,64,2852,1426,1426,950,475,475,short_long_description,200,279,145,196,330,0.65801886792452835,0.3726235741444867,0.5153212210345075,0.65801886792452835,0.458128078817734,0.5401742497579864
gnome,knn,cv,manual,20,64,2852,1426,1426,950,475,475,short_long_description,200,279,145,196,330,0.65801886792452835,0.3726235741444867,0.5153212210345075,0.65801886792452835,0.458128078817734,0.5401742497579864
gnome,knn,cv,smote,20,64,3077,1651,1426,1025,550,475,short_long_description,200,365,165,185,310,0.6886792452830188,0.37373737373737376,0.5312083095101963,0.6886792452830188,0.5407407407407407,0.6058091286307054
gnome,knn,cv,unbalanced,20,64,3077,1651,1426,1025,550,475,short_long_description,200,309,148,241,327,0.6761487964989059,0.4242957746478873,0.5502222855733966,0.6761487964989059,0.4858490566037736,0.5654162854528819
gnome,knn,cv,downsample,24,64,2852,1426,1426,950,475,475,short_long_description,200,287,138,188,337,0.6752941176470588,0.3580952380952381,0.5166946778711484,0.6752941176470588,0.4599358974358974,0.5471877979027645
gnome,knn,cv,manual,24,64,2852,1426,1426,950,475,475,short_long_description,200,287,138,188,337,0.6752941176470588,0.3580952380952381,0.5166946778711484,0.6752941176470588,0.4599358974358974,0.5471877979027645
gnome,knn,cv,smote,24,64,3142,1716,1426,1047,572,475,short_long_description,200,350,153,222,322,0.6958250497017893,0.40808823529411764,0.5519566424979534,0.6958250497017893,0.5208333333333334,0.5957446808510639
gnome,knn,cv,unbalanced,24,64,3142,1716,1426,1047,572,475,short_long_description,200,352,129,220,346,0.7318087318087318,0.38869257950530034,0.56025065565701615,0.7318087318087318,0.504297994269341,0.5971162001696353
gnome,knn,cv,downsample,28,64,2852,1426,1426,950,475,475,short_long_description,200,239,141,236,334,0.6289473684210526,0.41403508771929826,0.5214912280701754,0.6289473684210526,0.41710296684118675,0.5015739769150053
gnome,knn,cv,manual,28,64,2852,1426,1426,950,475,475,short_long_description,200,239,141,236,334,0.6289473684210526,0.41403508771929826,0.5214912280701754,0.6289473684210526,0.41710296684118675,0.5015739769150053
gnome,knn,cv,smote,28,64,3202,1776,1426,1067,592,475,short_long_description,200,394,185,198,290,0.6804835924006909,0.4057377049180328,0.5431106486593619,0.6804835924006909,0.5760233918128655,0.6239113222486146
gnome,knn,cv,unbalanced,28,64,3202,1776,1426,1067,592,475,short_long_description,200,371,178,221,297,0.6757741347905283,0.4266409266409266,0.5512075307157275,0.6757741347905283,0.5553892215568862,0.609695973705834
gnome,knn,cv,downsample,32,64,2852,1426,1426,950,475,475,short_long_description,200,279,147,196,328,0.6549295774647887,0.37404580152671757,0.5144876894957532,0.6549295774647887,0.4596375617792422,0.5401742497579864
gnome,knn,cv,manual,32,64,2852,1426,1426,950,475,475,short_long_description,200,279,147,196,328,0.6549295774647887,0.37404580152671757,0.5144876894957532,0.6549295774647887,0.4596375617792422,0.5401742497579864
gnome,knn,cv,smote,32,64,3259,1833,1426,1086,611,475,short_long_description,200,414,181,197,294,0.6957983193277311,0.40122199592668023,0.5485101576272057,0.6957983193277311,0.5847457627118644,0.6354566385264773
gnome,knn,cv,unbalanced,32,64,3259,1833,1426,1086,611,475,short_long_description,200,410,172,201,303,0.7044673539518901,0.39880952380952384,0.551638438880707,0.7044673539518901,0.5750350631136045,0.6332046332046333
gnome,knn,cv,downsample,36,64,2852,1426,1426,950,475,475,short_long_description,200,266,145,209,330,0.6472019464720195,0.3877551020408163,0.5174785242564179,0.6472019464720195,0.4463087248322148,0.5283018867924528
gnome,knn,cv,manual,36,64,2852,1426,1426,950,475,475,short_long_description,200,266,145,209,330,0.6472019464720195,0.3877551020408163,0.5174785242564179,0.6472019464720195,0.4463087248322148,0.5283018867924528
gnome,knn,cv,smote,36,64,3317,1891,1426,1105,630,475,short_long_description,200,423,174,207,301,0.7085427135678392,0.4074803149606299,0.5580115142642346,0.7085427135678392,0.5842541436464088,0.6404239212717637
gnome,knn,cv,unbalanced,36,64,3317,1891,1426,1105,630,475,short_long_description,200,420,181,210,294,0.6988352745424293,0.4166666666666667,0.557750970604548,0.6988352745424293,0.5882352941176471,0.6387832699619773
gnome,knn,cv,downsample,40,64,2852,1426,1426,950,475,475,short_long_description,200,277,141,198,334,0.6626794258373205,0.37218045112781956,0.51742993848257,0.6626794258373205,0.4533551554828151,0.5383867832847425
gnome,knn,cv,manual,40,64,2852,1426,1426,950,475,475,short_long_description,200,277,141,198,334,0.6626794258373205,0.37218045112781956,0.51742993848257,0.6626794258373205,0.4533551554828151,0.5383867832847425
gnome,knn,cv,smote,40,64,3374,1948,1426,1124,649,475,short_long_description,200,435,189,214,286,0.6971153846153846,0.428,0.5625576923076923,0.6971153846153846,0.6033287101248266,0.6468401486988847
gnome,knn,cv,unbalanced,40,64,3374,1948,1426,1124,649,475,short_long_description,200,444,181,205,294,0.7104,0.41082164328657317,0.5606108216432866,0.7104,0.6016260162601627,0.6515040352164344
gnome,knn,cv,downsample,44,64,2852,1426,1426,950,475,475,short_long_description,200,262,145,213,330,0.6437346437346437,0.39226519337016574,0.5179999185524047,0.6437346437346437,0.44256756756756754,0.5245245245245245
gnome,knn,cv,manual,44,64,2852,1426,1426,950,475,475,short_long_description,200,262,145,213,330,0.6437346437346437,0.39226519337016574,0.5179999185524047,0.6437346437346437,0.44256756756756754,0.5245245245245245
gnome,knn,cv,smote,44,64,3418,1992,1426,1139,664,475,short_long_description,200,458,194,206,281,0.7024539877300614,0.42299794661190965,0.5627259671709856,0.7024539877300614,0.6197564276048715,0.6585190510424156
gnome,knn,cv,unbalanced,44,64,3418,1992,1426,1139,664,475,short_long_description,200,458,179,206,296,0.7189952904238619,0.4103585657370518,0.5646769280804569,0.7189952904238619,0.6074270557029178,0.6585190510424156
gnome,knn,cv,downsample,48,64,2852,1426,1426,950,475,475,short_long_description,200,268,139,207,336,0.6584766584766585,0.3812154696132597,0.5198460640449591,0.6584766584766585,0.44370860927152317,0.5301681503461919
gnome,knn,cv,manual,48,64,2852,1426,1426,950,475,475,short_long_description,200,268,139,207,336,0.6584766584766585,0.3812154696132597,0.5198460640449591,0.6584766584766585,0.44370860927152317,0.5301681503461919
gnome,knn,cv,smote,48,64,3454,2028,1426,1151,676,475,short_long_description,200,494,211,182,264,0.700709219858156,0.4080717488789238,0.5543904843685399,0.700709219858156,0.6517150395778364,0.6753246753246753
gnome,knn,cv,unbalanced,48,64,3454,2028,1426,1151,676,475,short_long_description,200,475,204,201,271,0.6995581737849779,0.4258474576271186,0.5627028157060483,0.6995581737849779,0.6367292225201072,0.6666666666666665
gnome,knn,cv,downsample,52,64,2852,1426,1426,950,475,475,short_long_description,200,223,104,252,371,0.6819571865443425,0.4044943820224719,0.5432257842834072,0.6819571865443425,0.37542087542087543,0.48425624321389793
gnome,knn,cv,manual,52,64,2852,1426,1426,950,475,475,short_long_description,200,223,104,252,371,0.6819571865443425,0.4044943820224719,0.5432257842834072,0.6819571865443425,0.37542087542087543,0.48425624321389793
gnome,knn,cv,smote,52,64,3486,2060,1426,1161,686,475,short_long_description,200,500,200,186,275,0.7142857142857143,0.403470715835141,0.5588782150604277,0.7142857142857143,0.6451612903225806,0.6779661016949152
gnome,knn,cv,unbalanced,52,64,3486,2060,1426,1161,686,475,short_long_description,200,478,180,208,295,0.7264437689969605,0.4135188866799205,0.5699813278384405,0.7264437689969605,0.6183699870633894,0.6680642907058002
gnome,knn,cv,downsample,56,64,2852,1426,1426,950,475,475,short_long_description,200,280,150,195,325,0.6511627906976745,0.375,0.5130813953488372,0.6511627906976745,0.4628099173553719,0.5410628019323672
gnome,knn,cv,manual,56,64,2852,1426,1426,950,475,475,short_long_description,200,280,150,195,325,0.6511627906976745,0.375,0.5130813953488372,0.6511627906976745,0.4628099173553719,0.5410628019323672
gnome,knn,cv,smote,56,64,3517,2091,1426,1171,696,475,short_long_description,200,484,204,212,271,0.7034883720930233,0.4389233954451346,0.571205883769079,0.7034883720930233,0.6410596026490066,0.6708246708246708
gnome,knn,cv,unbalanced,56,64,3517,2091,1426,1171,696,475,short_long_description,200,486,199,210,276,0.7094890510948905,0.43209876543209874,0.5707939082634946,0.7094890510948905,0.6377952755905512,0.6717346233586732
gnome,knn,cv,downsample,60,64,2852,1426,1426,950,475,475,short_long_description,200,271,163,204,312,0.6244239631336406,0.3953488372093023,0.5098864001714715,0.6244239631336406,0.4648370497427101,0.5329400196656834
gnome,knn,cv,manual,60,64,2852,1426,1426,950,475,475,short_long_description,200,271,163,204,312,0.6244239631336406,0.3953488372093023,0.5098864001714715,0.6244239631336406,0.4648370497427101,0.5329400196656834
gnome,knn,cv,smote,60,64,3546,2120,1426,1181,706,475,short_long_description,200,503,197,203,278,0.7185714285714285,0.42203742203742206,0.5703044253044253,0.7185714285714285,0.6440460947503202,0.6792707629979743
gnome,knn,cv,unbalanced,60,64,3546,2120,1426,1181,706,475,short_long_description,200,489,192,217,283,0.7180616740088106,0.434,0.5760308370044053,0.7180616740088106,0.633419689119171,0.6730901582931865
gnome,knn,cv,downsample,64,64,2852,1426,1426,950,475,475,short_long_description,200,257,153,218,322,0.6268292682926829,0.40370370370370373,0.5152664859981934,0.6268292682926829,0.4438687392055268,0.5197168857431749
gnome,knn,cv,manual,64,64,2852,1426,1426,950,475,475,short_long_description,200,257,153,218,322,0.6268292682926829,0.40370370370370373,0.5152664859981934,0.6268292682926829,0.4438687392055268,0.5197168857431749
gnome,knn,cv,smote,64,64,3583,2157,1426,1194,719,475,short_long_description,200,522,190,197,285,0.7331460674157303,0.4087136929460581,0.5709298801808942,0.7331460674157303,0.6468401486988847,0.6872942725477287
gnome,knn,cv,unbalanced,64,64,3583,2157,1426,1194,719,475,short_long_description,200,511,212,208,263,0.706777316735823,0.4416135881104034,0.5741954524231132,0.706777316735823,0.6602067183462532,0.6826987307949232
gnome,knn,LGOCV,downsample,4,64,2160,1080,1080,720,360,360,short_long_description,200,191,104,169,256,0.6474576271186441,0.3976470588235294,0.5225523429710868,0.6474576271186441,0.4272930648769575,0.5148247978436657
gnome,knn,LGOCV,manual,4,64,2160,1080,1080,720,360,360,short_long_description,200,191,104,169,256,0.6474576271186441,0.3976470588235294,0.5225523429710868,0.6474576271186441,0.4272930648769575,0.5148247978436657
gnome,knn,LGOCV,smote,4,64,2506,1080,1426,835,360,475,short_long_description,200,204,111,156,364,0.6476190476190476,0.3,0.4738095238095238,0.6476190476190476,0.3591549295774648,0.46206115515288787
gnome,knn,LGOCV,unbalanced,4,64,2506,1080,1426,835,360,475,short_long_description,200,195,134,165,341,0.5927051671732523,0.32608695652173914,0.4593960618474957,0.5927051671732523,0.36380597014925375,0.45086705202312144
gnome,knn,LGOCV,downsample,8,64,2628,1314,1314,876,438,438,short_long_description,200,253,129,185,309,0.662303664921466,0.37449392712550605,0.518398796023486,0.662303664921466,0.4501779359430605,0.5360169491525424
gnome,knn,LGOCV,manual,8,64,2628,1314,1314,876,438,438,short_long_description,200,253,129,185,309,0.662303664921466,0.37449392712550605,0.518398796023486,0.662303664921466,0.4501779359430605,0.5360169491525424
gnome,knn,LGOCV,smote,8,64,2740,1314,1426,913,438,475,short_long_description,200,264,127,174,348,0.6751918158567775,0.3333333333333333,0.5042625745950554,0.6751918158567775,0.43137254901960786,0.5264207377866401
gnome,knn,LGOCV,unbalanced,8,64,2740,1314,1426,913,438,475,short_long_description,200,245,138,193,337,0.639686684073107,0.3641509433962264,0.5019188137346667,0.639686684073107,0.4209621993127148,0.5077720207253886
gnome,knn,LGOCV,downsample,12,64,2852,1426,1426,950,475,475,short_long_description,200,276,148,199,327,0.6509433962264151,0.37832699619771865,0.5146351962120669,0.6509433962264151,0.4577114427860697,0.537487828627069
gnome,knn,LGOCV,manual,12,64,2852,1426,1426,950,475,475,short_long_description,200,276,148,199,327,0.6509433962264151,0.37832699619771865,0.5146351962120669,0.6509433962264151,0.4577114427860697,0.537487828627069
gnome,knn,LGOCV,smote,12,64,2884,1458,1426,961,486,475,short_long_description,200,276,143,210,332,0.6587112171837709,0.3874538745387454,0.5230825458612581,0.6587112171837709,0.45394736842105265,0.5374878286270692
gnome,knn,LGOCV,unbalanced,12,64,2884,1458,1426,961,486,475,short_long_description,200,273,127,213,348,0.6825,0.37967914438502676,0.5310895721925134,0.6825,0.4396135265700483,0.5347698334965719
gnome,knn,LGOCV,downsample,16,64,2852,1426,1426,950,475,475,short_long_description,200,235,113,240,362,0.6752873563218391,0.39867109634551495,0.536979226333677,0.6752873563218391,0.3936348408710218,0.49735449735449744
gnome,knn,LGOCV,manual,16,64,2852,1426,1426,950,475,475,short_long_description,200,235,113,240,362,0.6752873563218391,0.39867109634551495,0.536979226333677,0.6752873563218391,0.3936348408710218,0.49735449735449744
gnome,knn,LGOCV,smote,16,64,2990,1564,1426,996,521,475,short_long_description,200,315,162,206,313,0.660377358490566,0.3969171483622351,0.5286472534264005,0.660377358490566,0.5015923566878981,0.5701357466063349
gnome,knn,LGOCV,unbalanced,16,64,2990,1564,1426,996,521,475,short_long_description,200,304,153,217,322,0.6652078774617067,0.4025974025974026,0.5339026400295547,0.6652078774617067,0.48562300319488816,0.5614035087719299
gnome,knn,LGOCV,downsample,20,64,2852,1426,1426,950,475,475,short_long_description,200,279,145,196,330,0.65801886792452835,0.3726235741444867,0.5153212210345075,0.65801886792452835,0.458128078817734,0.5401742497579864
gnome,knn,LGOCV,manual,20,64,2852,1426,1426,950,475,475,short_long_description,200,279,145,196,330,0.65801886792452835,0.3726235741444867,0.5153212210345075,0.65801886792452835,0.458128078817734,0.5401742497579864
gnome,knn,LGOCV,smote,20,64,3077,1651,1426,1025,550,475,short_long_description,200,368,173,182,302,0.6802218114602587,0.3760330578512397,0.5281274346557492,0.6802218114602587,0.5492537313432836,0.6077621800165152
gnome,knn,LGOCV,unbalanced,20,64,3077,1651,1426,1025,550,475,short_long_description,200,327,145,223,330,0.6927966101694916,0.40325497287522605,0.5480257915223588,0.6927966101694916,0.4977168949771689,0.5792736935341011
gnome,knn,LGOCV,downsample,24,64,2852,1426,1426,950,475,475,short_long_description,200,272,133,203,342,0.671604938271605,0.3724770642201835,0.5220410012458943,0.671604938271605,0.44299674267100975,0.5338567222767419
gnome,knn,LGOCV,manual,24,64,2852,1426,1426,950,475,475,short_long_description,200,272,133,203,342,0.671604938271605,0.3724770642201835,0.5220410012458943,0.671604938271605,0.44299674267100975,0.5338567222767419
gnome,knn,LGOCV,smote,24,64,3142,1716,1426,1047,572,475,short_long_description,200,350,152,222,323,0.6972111553784861,0.4073394495412844,0.5522753024598852,0.6972111553784861,0.5200594353640416,0.5957446808510639
gnome,knn,LGOCV,unbalanced,24,64,3142,1716,1426,1047,572,475,short_long_description,200,355,130,217,345,0.7319587628865979,0.3861209964412811,0.5590398796639395,0.7319587628865979,0.5071428571428571,0.5991561181434598
gnome,knn,LGOCV,downsample,28,64,2852,1426,1426,950,475,475,short_long_description,200,240,141,235,334,0.6299212598425197,0.4130052724077329,0.5214632661251263,0.6299212598425197,0.4181184668989547,0.5026178010471205
gnome,knn,LGOCV,manual,28,64,2852,1426,1426,950,475,475,short_long_description,200,240,141,235,334,0.6299212598425197,0.4130052724077329,0.5214632661251263,0.6299212598425197,0.4181184668989547,0.5026178010471205
gnome,knn,LGOCV,smote,28,64,3202,1776,1426,1067,592,475,short_long_description,200,394,185,198,290,0.6804835924006909,0.4057377049180328,0.5431106486593619,0.6804835924006909,0.5760233918128655,0.6239113222486146
gnome,knn,LGOCV,unbalanced,28,64,3202,1776,1426,1067,592,475,short_long_description,200,371,178,221,297,0.6757741347905283,0.4266409266409266,0.5512075307157275,0.6757741347905283,0.5553892215568862,0.609695973705834
gnome,knn,LGOCV,downsample,32,64,2852,1426,1426,950,475,475,short_long_description,200,276,149,199,326,0.6494117647058824,0.379047619047619,0.5142296918767507,0.6494117647058824,0.4584717607973422,0.5374878286270691
gnome,knn,LGOCV,manual,32,64,2852,1426,1426,950,475,475,short_long_description,200,276,149,199,326,0.6494117647058824,0.379047619047619,0.5142296918767507,0.6494117647058824,0.4584717607973422,0.5374878286270691
gnome,knn,LGOCV,smote,32,64,3259,1833,1426,1086,611,475,short_long_description,200,414,179,197,296,0.6981450252951096,0.3995943204868154,0.5488696728909626,0.6981450252951096,0.5830985915492958,0.6354566385264774
gnome,knn,LGOCV,unbalanced,32,64,3259,1833,1426,1086,611,475,short_long_description,200,405,176,206,299,0.6970740103270223,0.4079207920792079,0.5524974012031151,0.6970740103270223,0.5752840909090909,0.6303501945525292
gnome,knn,LGOCV,downsample,36,64,2852,1426,1426,950,475,475,short_long_description,200,267,158,208,317,0.6282352941176471,0.3961904761904762,0.5122128851540617,0.6282352941176471,0.4571917808219178,0.5292368681863231
gnome,knn,LGOCV,manual,36,64,2852,1426,1426,950,475,475,short_long_description,200,267,158,208,317,0.6282352941176471,0.3961904761904762,0.5122128851540617,0.6282352941176471,0.4571917808219178,0.5292368681863231
gnome,knn,LGOCV,smote,36,64,3317,1891,1426,1105,630,475,short_long_description,200,420,166,210,309,0.7167235494880546,0.4046242774566474,0.5606739134723511,0.7167235494880546,0.5761316872427984,0.6387832699619772
gnome,knn,LGOCV,unbalanced,36,64,3317,1891,1426,1105,630,475,short_long_description,200,421,181,209,294,0.6993355481727574,0.415506958250497,0.5574212532116272,0.6993355481727574,0.5888111888111888,0.6393318147304481
gnome,knn,LGOCV,downsample,40,64,2852,1426,1426,950,475,475,short_long_description,200,277,141,198,334,0.6626794258373205,0.37218045112781956,0.51742993848257,0.6626794258373205,0.4533551554828151,0.5383867832847425
gnome,knn,LGOCV,manual,40,64,2852,1426,1426,950,475,475,short_long_description,200,277,141,198,334,0.6626794258373205,0.37218045112781956,0.51742993848257,0.6626794258373205,0.4533551554828151,0.5383867832847425
gnome,knn,LGOCV,smote,40,64,3374,1948,1426,1124,649,475,short_long_description,200,436,188,213,287,0.6987179487179487,0.426,0.5623589743589743,0.6987179487179487,0.603042876901798,0.6473645137342242
gnome,knn,LGOCV,unbalanced,40,64,3374,1948,1426,1124,649,475,short_long_description,200,444,181,205,294,0.7104,0.41082164328657317,0.5606108216432866,0.7104,0.6016260162601627,0.6515040352164344
gnome,knn,LGOCV,downsample,44,64,2852,1426,1426,950,475,475,short_long_description,200,262,145,213,330,0.6437346437346437,0.39226519337016574,0.5179999185524047,0.6437346437346437,0.44256756756756754,0.5245245245245245
gnome,knn,LGOCV,manual,44,64,2852,1426,1426,950,475,475,short_long_description,200,262,145,213,330,0.6437346437346437,0.39226519337016574,0.5179999185524047,0.6437346437346437,0.44256756756756754,0.5245245245245245
gnome,knn,LGOCV,smote,44,64,3418,1992,1426,1139,664,475,short_long_description,200,458,194,206,281,0.7024539877300614,0.42299794661190965,0.5627259671709856,0.7024539877300614,0.6197564276048715,0.6585190510424156
gnome,knn,LGOCV,unbalanced,44,64,3418,1992,1426,1139,664,475,short_long_description,200,452,187,212,288,0.7073552425665102,0.424,0.565677621283255,0.7073552425665102,0.6108108108108108,0.6555474981870921
gnome,knn,LGOCV,downsample,48,64,2852,1426,1426,950,475,475,short_long_description,200,268,139,207,336,0.6584766584766585,0.3812154696132597,0.5198460640449591,0.6584766584766585,0.44370860927152317,0.5301681503461919
gnome,knn,LGOCV,manual,48,64,2852,1426,1426,950,475,475,short_long_description,200,268,139,207,336,0.6584766584766585,0.3812154696132597,0.5198460640449591,0.6584766584766585,0.44370860927152317,0.5301681503461919
gnome,knn,LGOCV,smote,48,64,3454,2028,1426,1151,676,475,short_long_description,200,494,211,182,264,0.700709219858156,0.4080717488789238,0.5543904843685399,0.700709219858156,0.6517150395778364,0.6753246753246753
gnome,knn,LGOCV,unbalanced,48,64,3454,2028,1426,1151,676,475,short_long_description,200,475,204,201,271,0.6995581737849779,0.4258474576271186,0.5627028157060483,0.6995581737849779,0.6367292225201072,0.6666666666666665
gnome,knn,LGOCV,downsample,52,64,2852,1426,1426,950,475,475,short_long_description,200,224,104,251,371,0.6829268292682927,0.40353697749196143,0.5432319033801271,0.6829268292682927,0.3764705882352941,0.48537378114842905
gnome,knn,LGOCV,manual,52,64,2852,1426,1426,950,475,475,short_long_description,200,224,104,251,371,0.6829268292682927,0.40353697749196143,0.5432319033801271,0.6829268292682927,0.3764705882352941,0.48537378114842905
gnome,knn,LGOCV,smote,52,64,3486,2060,1426,1161,686,475,short_long_description,200,499,200,187,275,0.7138769670958512,0.40476190476190477,0.559319435928878,0.7138769670958512,0.6447028423772609,0.6775288526816021
gnome,knn,LGOCV,unbalanced,52,64,3486,2060,1426,1161,686,475,short_long_description,200,478,180,208,295,0.7264437689969605,0.4135188866799205,0.5699813278384405,0.7264437689969605,0.6183699870633894,0.6680642907058002
gnome,knn,LGOCV,downsample,56,64,2852,1426,1426,950,475,475,short_long_description,200,280,150,195,325,0.6511627906976745,0.375,0.5130813953488372,0.6511627906976745,0.4628099173553719,0.5410628019323672
gnome,knn,LGOCV,manual,56,64,2852,1426,1426,950,475,475,short_long_description,200,280,150,195,325,0.6511627906976745,0.375,0.5130813953488372,0.6511627906976745,0.4628099173553719,0.5410628019323672
gnome,knn,LGOCV,smote,56,64,3517,2091,1426,1171,696,475,short_long_description,200,484,204,212,271,0.7034883720930233,0.4389233954451346,0.571205883769079,0.7034883720930233,0.6410596026490066,0.6708246708246708
gnome,knn,LGOCV,unbalanced,56,64,3517,2091,1426,1171,696,475,short_long_description,200,488,204,208,271,0.7052023121387283,0.4342379958246347,0.5697201539816815,0.7052023121387283,0.6429512516469038,0.6726395589248794
gnome,knn,LGOCV,downsample,60,64,2852,1426,1426,950,475,475,short_long_description,200,271,163,204,312,0.6244239631336406,0.3953488372093023,0.5098864001714715,0.6244239631336406,0.4648370497427101,0.5329400196656834
gnome,knn,LGOCV,manual,60,64,2852,1426,1426,950,475,475,short_long_description,200,271,163,204,312,0.6244239631336406,0.3953488372093023,0.5098864001714715,0.6244239631336406,0.4648370497427101,0.5329400196656834
gnome,knn,LGOCV,smote,60,64,3546,2120,1426,1181,706,475,short_long_description,200,501,190,205,285,0.7250361794500724,0.41836734693877553,0.5717017631944239,0.7250361794500724,0.6374045801526718,0.6784021665538253
gnome,knn,LGOCV,unbalanced,60,64,3546,2120,1426,1181,706,475,short_long_description,200,489,192,217,283,0.7180616740088106,0.434,0.5760308370044053,0.7180616740088106,0.633419689119171,0.6730901582931865
gnome,knn,LGOCV,downsample,64,64,2852,1426,1426,950,475,475,short_long_description,200,257,153,218,322,0.6268292682926829,0.40370370370370373,0.5152664859981934,0.6268292682926829,0.4438687392055268,0.5197168857431749
gnome,knn,LGOCV,manual,64,64,2852,1426,1426,950,475,475,short_long_description,200,257,153,218,322,0.6268292682926829,0.40370370370370373,0.5152664859981934,0.6268292682926829,0.4438687392055268,0.5197168857431749
gnome,knn,LGOCV,smote,64,64,3583,2157,1426,1194,719,475,short_long_description,200,522,190,197,285,0.7331460674157303,0.4087136929460581,0.5709298801808942,0.7331460674157303,0.6468401486988847,0.6872942725477287
gnome,knn,LGOCV,unbalanced,64,64,3583,2157,1426,1194,719,475,short_long_description,200,511,211,208,264,0.7077562326869806,0.4406779661016949,0.5742170993943377,0.7077562326869806,0.6593548387096774,0.6826987307949232
gnome,knn,LOOCV,downsample,4,64,2160,1080,1080,720,360,360,short_long_description,200,192,104,168,256,0.6486486486486487,0.39622641509433965,0.5224375318714942,0.6486486486486487,0.42857142857142855,0.5161290322580645
gnome,knn,LOOCV,manual,4,64,2160,1080,1080,720,360,360,short_long_description,200,192,104,168,256,0.6486486486486487,0.39622641509433965,0.5224375318714942,0.6486486486486487,0.42857142857142855,0.5161290322580645
gnome,knn,LOOCV,smote,4,64,2506,1080,1426,835,360,475,short_long_description,200,192,106,168,369,0.6442953020134228,0.3128491620111732,0.478572232012298,0.6442953020134228,0.3422459893048128,0.44703143189755523
gnome,knn,LOOCV,unbalanced,4,64,2506,1080,1426,835,360,475,short_long_description,200,182,132,178,343,0.5796178343949044,0.3416506717850288,0.46063425308996664,0.5796178343949044,0.3466666666666667,0.433849821215733
gnome,knn,LOOCV,downsample,8,64,2628,1314,1314,876,438,438,short_long_description,200,254,129,184,309,0.6631853785900783,0.37322515212981744,0.5182052653599478,0.6631853785900783,0.4511545293072824,0.5369978858350951
gnome,knn,LOOCV,manual,8,64,2628,1314,1314,876,438,438,short_long_description,200,254,129,184,309,0.6631853785900783,0.37322515212981744,0.5182052653599478,0.6631853785900783,0.4511545293072824,0.5369978858350951
gnome,knn,LOOCV,smote,8,64,2740,1314,1426,913,438,475,short_long_description,200,264,127,174,348,0.6751918158567775,0.3333333333333333,0.5042625745950554,0.6751918158567775,0.43137254901960786,0.5264207377866401
gnome,knn,LOOCV,unbalanced,8,64,2740,1314,1426,913,438,475,short_long_description,200,236,142,202,333,0.6243386243386243,0.3775700934579439,0.5009543588982841,0.6243386243386243,0.4147627416520211,0.49841605068637806
gnome,knn,LOOCV,downsample,12,64,2852,1426,1426,950,475,475,short_long_description,200,276,148,199,327,0.6509433962264151,0.37832699619771865,0.5146351962120669,0.6509433962264151,0.4577114427860697,0.537487828627069
gnome,knn,LOOCV,manual,12,64,2852,1426,1426,950,475,475,short_long_description,200,276,148,199,327,0.6509433962264151,0.37832699619771865,0.5146351962120669,0.6509433962264151,0.4577114427860697,0.537487828627069
gnome,knn,LOOCV,smote,12,64,2884,1458,1426,961,486,475,short_long_description,200,277,144,209,331,0.6579572446555819,0.387037037037037,0.5224971408463095,0.6579572446555819,0.4555921052631579,0.5383867832847424
gnome,knn,LOOCV,unbalanced,12,64,2884,1458,1426,961,486,475,short_long_description,200,270,123,216,352,0.6870229007633588,0.38028169014084506,0.5336522954521019,0.6870229007633588,0.4340836012861736,0.5320197044334977
gnome,knn,LOOCV,downsample,16,64,2852,1426,1426,950,475,475,short_long_description,200,235,113,240,362,0.6752873563218391,0.39867109634551495,0.536979226333677,0.6752873563218391,0.3936348408710218,0.49735449735449744
gnome,knn,LOOCV,manual,16,64,2852,1426,1426,950,475,475,short_long_description,200,235,113,240,362,0.6752873563218391,0.39867109634551495,0.536979226333677,0.6752873563218391,0.3936348408710218,0.49735449735449744
gnome,knn,LOOCV,smote,16,64,2990,1564,1426,996,521,475,short_long_description,200,316,152,205,323,0.6752136752136753,0.38825757575757575,0.5317356254856255,0.6752136752136753,0.4945226917057903,0.5709123757904245
gnome,knn,LOOCV,unbalanced,16,64,2990,1564,1426,996,521,475,short_long_description,200,316,156,205,319,0.6694915254237288,0.39122137404580154,0.5303564497347651,0.6694915254237288,0.49763779527559054,0.5709123757904245
gnome,knn,LOOCV,downsample,20,64,2852,1426,1426,950,475,475,short_long_description,200,279,145,196,330,0.65801886792452835,0.3726235741444867,0.5153212210345075,0.65801886792452835,0.458128078817734,0.5401742497579864
gnome,knn,LOOCV,manual,20,64,2852,1426,1426,950,475,475,short_long_description,200,279,145,196,330,0.65801886792452835,0.3726235741444867,0.5153212210345075,0.65801886792452835,0.458128078817734,0.5401742497579864
gnome,knn,LOOCV,smote,20,64,3077,1651,1426,1025,550,475,short_long_description,200,365,165,185,310,0.6886792452830188,0.37373737373737376,0.5312083095101963,0.6886792452830188,0.5407407407407407,0.6058091286307054
gnome,knn,LOOCV,unbalanced,20,64,3077,1651,1426,1025,550,475,short_long_description,200,307,154,243,321,0.665943600867679,0.4308510638297872,0.5483973323487331,0.665943600867679,0.4888535031847134,0.563820018365473
gnome,knn,LOOCV,downsample,24,64,2852,1426,1426,950,475,475,short_long_description,200,276,151,199,324,0.6463700234192038,0.38049713193116635,0.513433577675185,0.6463700234192038,0.46,0.5374878286270692
gnome,knn,LOOCV,manual,24,64,2852,1426,1426,950,475,475,short_long_description,200,276,151,199,324,0.6463700234192038,0.38049713193116635,0.513433577675185,0.6463700234192038,0.46,0.5374878286270692
gnome,knn,LOOCV,smote,24,64,3142,1716,1426,1047,572,475,short_long_description,200,350,150,222,325,0.7,0.40585009140767825,0.552925045703839,0.7,0.5185185185185185,0.5957446808510639
gnome,knn,LOOCV,unbalanced,24,64,3142,1716,1426,1047,572,475,short_long_description,200,355,130,217,345,0.7319587628865979,0.3861209964412811,0.5590398796639395,0.7319587628865979,0.5071428571428571,0.5991561181434598
gnome,knn,LOOCV,downsample,28,64,2852,1426,1426,950,475,475,short_long_description,200,240,140,235,335,0.631578947368421,0.41228070175438597,0.5219298245614035,0.631578947368421,0.41739130434782606,0.5026178010471203
gnome,knn,LOOCV,manual,28,64,2852,1426,1426,950,475,475,short_long_description,200,240,140,235,335,0.631578947368421,0.41228070175438597,0.5219298245614035,0.631578947368421,0.41739130434782606,0.5026178010471203
gnome,knn,LOOCV,smote,28,64,3202,1776,1426,1067,592,475,short_long_description,200,394,185,198,290,0.6804835924006909,0.4057377049180328,0.5431106486593619,0.6804835924006909,0.5760233918128655,0.6239113222486146
gnome,knn,LOOCV,unbalanced,28,64,3202,1776,1426,1067,592,475,short_long_description,200,373,188,219,287,0.6648841354723708,0.43280632411067194,0.5488452297915214,0.6648841354723708,0.5651515151515152,0.610974610974611
gnome,knn,LOOCV,downsample,32,64,2852,1426,1426,950,475,475,short_long_description,200,278,147,197,328,0.6541176470588236,0.37523809523809526,0.5146778711484594,0.6541176470588236,0.45874587458745875,0.539282250242483
gnome,knn,LOOCV,manual,32,64,2852,1426,1426,950,475,475,short_long_description,200,278,147,197,328,0.6541176470588236,0.37523809523809526,0.5146778711484594,0.6541176470588236,0.45874587458745875,0.539282250242483
gnome,knn,LOOCV,smote,32,64,3259,1833,1426,1086,611,475,short_long_description,200,414,178,197,297,0.6993243243243243,0.39878542510121456,0.5490548747127695,0.6993243243243243,0.5822784810126582,0.6354566385264773
gnome,knn,LOOCV,unbalanced,32,64,3259,1833,1426,1086,611,475,short_long_description,200,404,176,207,299,0.696551724137931,0.4090909090909091,0.55282131661442,0.696551724137931,0.5746799431009957,0.6297739672642244
gnome,knn,LOOCV,downsample,36,64,2852,1426,1426,950,475,475,short_long_description,200,267,157,208,318,0.6297169811320755,0.39543726235741444,0.512577121744745,0.6297169811320755,0.4564102564102564,0.5292368681863231
gnome,knn,LOOCV,manual,36,64,2852,1426,1426,950,475,475,short_long_description,200,267,157,208,318,0.6297169811320755,0.39543726235741444,0.512577121744745,0.6297169811320755,0.4564102564102564,0.5292368681863231
gnome,knn,LOOCV,smote,36,64,3317,1891,1426,1105,630,475,short_long_description,200,420,166,210,309,0.7167235494880546,0.4046242774566474,0.5606739134723511,0.7167235494880546,0.5761316872427984,0.6387832699619772
gnome,knn,LOOCV,unbalanced,36,64,3317,1891,1426,1105,630,475,short_long_description,200,404,187,226,288,0.6835871404399323,0.4396887159533074,0.5616379281966198,0.6835871404399323,0.5838150289017341,0.6297739672642244
gnome,knn,LOOCV,downsample,40,64,2852,1426,1426,950,475,475,short_long_description,200,277,141,198,334,0.6626794258373205,0.37218045112781956,0.51742993848257,0.6626794258373205,0.4533551554828151,0.5383867832847425
gnome,knn,LOOCV,manual,40,64,2852,1426,1426,950,475,475,short_long_description,200,277,141,198,334,0.6626794258373205,0.37218045112781956,0.51742993848257,0.6626794258373205,0.4533551554828151,0.5383867832847425
gnome,knn,LOOCV,smote,40,64,3374,1948,1426,1124,649,475,short_long_description,200,439,193,210,282,0.694620253164557,0.4268292682926829,0.56072476072862,0.694620253164557,0.608876560332871,0.6489283074648928
gnome,knn,LOOCV,unbalanced,40,64,3374,1948,1426,1124,649,475,short_long_description,200,457,179,192,296,0.7185534591194969,0.39344262295081966,0.5559980410351583,0.7185534591194969,0.6069057104913679,0.6580273578113751
gnome,knn,LOOCV,downsample,44,64,2852,1426,1426,950,475,475,short_long_description,200,262,145,213,330,0.6437346437346437,0.39226519337016574,0.5179999185524047,0.6437346437346437,0.44256756756756754,0.5245245245245245
gnome,knn,LOOCV,manual,44,64,2852,1426,1426,950,475,475,short_long_description,200,262,145,213,330,0.6437346437346437,0.39226519337016574,0.5179999185524047,0.6437346437346437,0.44256756756756754,0.5245245245245245
gnome,knn,LOOCV,smote,44,64,3418,1992,1426,1139,664,475,short_long_description,200,457,194,207,281,0.7019969278033794,0.42418032786885246,0.5630886278361159,0.7019969278033794,0.6192411924119241,0.6580273578113751
gnome,knn,LOOCV,unbalanced,44,64,3418,1992,1426,1139,664,475,short_long_description,200,452,187,212,288,0.7073552425665102,0.424,0.565677621283255,0.7073552425665102,0.6108108108108108,0.6555474981870921
gnome,knn,LOOCV,downsample,48,64,2852,1426,1426,950,475,475,short_long_description,200,268,139,207,336,0.6584766584766585,0.3812154696132597,0.5198460640449591,0.6584766584766585,0.44370860927152317,0.5301681503461919
gnome,knn,LOOCV,manual,48,64,2852,1426,1426,950,475,475,short_long_description,200,268,139,207,336,0.6584766584766585,0.3812154696132597,0.5198460640449591,0.6584766584766585,0.44370860927152317,0.5301681503461919
gnome,knn,LOOCV,smote,48,64,3454,2028,1426,1151,676,475,short_long_description,200,467,209,209,266,0.6908284023668639,0.44,0.565414201183432,0.6908284023668639,0.6371077762619373,0.6628814762242725
gnome,knn,LOOCV,unbalanced,48,64,3454,2028,1426,1151,676,475,short_long_description,200,489,196,187,279,0.7138686131386861,0.4012875536480687,0.5575780833933774,0.7138686131386861,0.63671875,0.6730901582931864
gnome,knn,LOOCV,downsample,52,64,2852,1426,1426,950,475,475,short_long_description,200,224,104,251,371,0.6829268292682927,0.40353697749196143,0.5432319033801271,0.6829268292682927,0.3764705882352941,0.48537378114842905
gnome,knn,LOOCV,manual,52,64,2852,1426,1426,950,475,475,short_long_description,200,224,104,251,371,0.6829268292682927,0.40353697749196143,0.5432319033801271,0.6829268292682927,0.3764705882352941,0.48537378114842905
gnome,knn,LOOCV,smote,52,64,3486,2060,1426,1161,686,475,short_long_description,200,500,200,186,275,0.7142857142857143,0.403470715835141,0.5588782150604277,0.7142857142857143,0.6451612903225806,0.6779661016949152
gnome,knn,LOOCV,unbalanced,52,64,3486,2060,1426,1161,686,475,short_long_description,200,484,172,202,303,0.7378048780487805,0.4,0.5689024390243902,0.7378048780487805,0.6149936467598475,0.6708246708246708
gnome,knn,LOOCV,downsample,56,64,2852,1426,1426,950,475,475,short_long_description,200,283,142,192,333,0.6658823529411765,0.3657142857142857,0.5157983193277311,0.6658823529411765,0.4594155844155844,0.5437079731027858
gnome,knn,LOOCV,manual,56,64,2852,1426,1426,950,475,475,short_long_description,200,283,142,192,333,0.6658823529411765,0.3657142857142857,0.5157983193277311,0.6658823529411765,0.4594155844155844,0.5437079731027858
gnome,knn,LOOCV,smote,56,64,3517,2091,1426,1171,696,475,short_long_description,200,490,200,206,275,0.7101449275362319,0.4282744282744283,0.5692096779053302,0.7101449275362319,0.6405228758169934,0.6735395189003436
gnome,knn,LOOCV,unbalanced,56,64,3517,2091,1426,1171,696,475,short_long_description,200,488,204,208,271,0.7052023121387283,0.4342379958246347,0.5697201539816815,0.7052023121387283,0.6429512516469038,0.6726395589248794
gnome,knn,LOOCV,downsample,60,64,2852,1426,1426,950,475,475,short_long_description,200,270,163,205,312,0.6235565819861432,0.3965183752417795,0.5100374786139613,0.6235565819861432,0.4639175257731959,0.5320197044334976
gnome,knn,LOOCV,manual,60,64,2852,1426,1426,950,475,475,short_long_description,200,270,163,205,312,0.6235565819861432,0.3965183752417795,0.5100374786139613,0.6235565819861432,0.4639175257731959,0.5320197044334976
gnome,knn,LOOCV,smote,60,64,3546,2120,1426,1181,706,475,short_long_description,200,503,197,203,278,0.7185714285714285,0.42203742203742206,0.5703044253044253,0.7185714285714285,0.6440460947503202,0.6792707629979743
gnome,knn,LOOCV,unbalanced,60,64,3546,2120,1426,1181,706,475,short_long_description,200,489,192,217,283,0.7180616740088106,0.434,0.5760308370044053,0.7180616740088106,0.633419689119171,0.6730901582931865
gnome,knn,LOOCV,downsample,64,64,2852,1426,1426,950,475,475,short_long_description,200,262,140,213,335,0.6517412935323383,0.3886861313868613,0.5202137124595998,0.6517412935323383,0.4388609715242881,0.5245245245245246
gnome,knn,LOOCV,manual,64,64,2852,1426,1426,950,475,475,short_long_description,200,262,140,213,335,0.6517412935323383,0.3886861313868613,0.5202137124595998,0.6517412935323383,0.4388609715242881,0.5245245245245246
gnome,knn,LOOCV,smote,64,64,3583,2157,1426,1194,719,475,short_long_description,200,522,190,197,285,0.7331460674157303,0.4087136929460581,0.5709298801808942,0.7331460674157303,0.6468401486988847,0.6872942725477287
gnome,knn,LOOCV,unbalanced,64,64,3583,2157,1426,1194,719,475,short_long_description,200,511,211,208,264,0.7077562326869806,0.4406779661016949,0.5742170993943377,0.7077562326869806,0.6593548387096774,0.6826987307949232
gnome,knn,none,downsample,4,64,2160,1080,1080,720,360,360,short_long_description,200,212,117,148,243,0.6443768996960486,0.37851662404092073,0.5114467618684847,0.6443768996960486,0.46593406593406594,0.5408163265306122
gnome,knn,none,manual,4,64,2160,1080,1080,720,360,360,short_long_description,200,212,117,148,243,0.6443768996960486,0.37851662404092073,0.5114467618684847,0.6443768996960486,0.46593406593406594,0.5408163265306122
gnome,knn,none,smote,4,64,2506,1080,1426,835,360,475,short_long_description,200,204,111,156,364,0.6476190476190476,0.3,0.4738095238095238,0.6476190476190476,0.3591549295774648,0.46206115515288787
gnome,knn,none,unbalanced,4,64,2506,1080,1426,835,360,475,short_long_description,200,195,134,165,341,0.5927051671732523,0.32608695652173914,0.4593960618474957,0.5927051671732523,0.36380597014925375,0.45086705202312144
gnome,knn,none,downsample,8,64,2628,1314,1314,876,438,438,short_long_description,200,254,129,184,309,0.6631853785900783,0.37322515212981744,0.5182052653599478,0.6631853785900783,0.4511545293072824,0.5369978858350951
gnome,knn,none,manual,8,64,2628,1314,1314,876,438,438,short_long_description,200,254,129,184,309,0.6631853785900783,0.37322515212981744,0.5182052653599478,0.6631853785900783,0.4511545293072824,0.5369978858350951
gnome,knn,none,smote,8,64,2740,1314,1426,913,438,475,short_long_description,200,264,127,174,348,0.6751918158567775,0.3333333333333333,0.5042625745950554,0.6751918158567775,0.43137254901960786,0.5264207377866401
gnome,knn,none,unbalanced,8,64,2740,1314,1426,913,438,475,short_long_description,200,245,138,193,337,0.639686684073107,0.3641509433962264,0.5019188137346667,0.639686684073107,0.4209621993127148,0.5077720207253886
gnome,knn,none,downsample,12,64,2852,1426,1426,950,475,475,short_long_description,200,276,148,199,327,0.6509433962264151,0.37832699619771865,0.5146351962120669,0.6509433962264151,0.4577114427860697,0.537487828627069
gnome,knn,none,manual,12,64,2852,1426,1426,950,475,475,short_long_description,200,276,148,199,327,0.6509433962264151,0.37832699619771865,0.5146351962120669,0.6509433962264151,0.4577114427860697,0.537487828627069
gnome,knn,none,smote,12,64,2884,1458,1426,961,486,475,short_long_description,200,288,136,198,339,0.6792452830188679,0.3687150837988827,0.5239801834088753,0.6792452830188679,0.45933014354066987,0.5480494766888677
gnome,knn,none,unbalanced,12,64,2884,1458,1426,961,486,475,short_long_description,200,287,145,199,330,0.6643518518518519,0.3761814744801512,0.5202666631660016,0.6643518518518519,0.4651539708265802,0.5471877979027645
gnome,knn,none,downsample,16,64,2852,1426,1426,950,475,475,short_long_description,200,254,115,221,360,0.6883468834688347,0.3803786574870912,0.534362770477963,0.6883468834688347,0.41368078175895767,0.5167853509664293
gnome,knn,none,manual,16,64,2852,1426,1426,950,475,475,short_long_description,200,254,115,221,360,0.6883468834688347,0.3803786574870912,0.534362770477963,0.6883468834688347,0.41368078175895767,0.5167853509664293
gnome,knn,none,smote,16,64,2990,1564,1426,996,521,475,short_long_description,200,314,162,207,313,0.6596638655462185,0.39807692307692305,0.5288703943115708,0.6596638655462185,0.5007974481658692,0.5693563009972802
gnome,knn,none,unbalanced,16,64,2990,1564,1426,996,521,475,short_long_description,200,305,153,216,322,0.665938864628821,0.40148698884758366,0.5337129267382024,0.665938864628821,0.4864433811802233,0.5622119815668204
gnome,knn,none,downsample,20,64,2852,1426,1426,950,475,475,short_long_description,200,279,145,196,330,0.65801886792452835,0.3726235741444867,0.5153212210345075,0.65801886792452835,0.458128078817734,0.5401742497579864
gnome,knn,none,manual,20,64,2852,1426,1426,950,475,475,short_long_description,200,279,145,196,330,0.65801886792452835,0.3726235741444867,0.5153212210345075,0.65801886792452835,0.458128078817734,0.5401742497579864
gnome,knn,none,smote,20,64,3077,1651,1426,1025,550,475,short_long_description,200,367,172,183,303,0.6808905380333952,0.3765432098765432,0.5287168739549692,0.6808905380333952,0.5477611940298508,0.6071133167907362
gnome,knn,none,unbalanced,20,64,3077,1651,1426,1025,550,475,short_long_description,200,327,146,223,329,0.6913319238900634,0.40398550724637683,0.5476587155682201,0.6913319238900634,0.49847560975609756,0.579273693534101
gnome,knn,none,downsample,24,64,2852,1426,1426,950,475,475,short_long_description,200,276,151,199,324,0.6463700234192038,0.38049713193116635,0.513433577675185,0.6463700234192038,0.46,0.5374878286270692
gnome,knn,none,manual,24,64,2852,1426,1426,950,475,475,short_long_description,200,276,151,199,324,0.6463700234192038,0.38049713193116635,0.513433577675185,0.6463700234192038,0.46,0.5374878286270692
gnome,knn,none,smote,24,64,3142,1716,1426,1047,572,475,short_long_description,200,352,151,220,324,0.6998011928429424,0.40441176470588236,0.5521064787744123,0.6998011928429424,0.5207100591715976,0.5971162001696353
gnome,knn,none,unbalanced,24,64,3142,1716,1426,1047,572,475,short_long_description,200,352,129,220,346,0.7318087318087318,0.38869257950530034,0.56025065565701615,0.7318087318087318,0.504297994269341,0.5971162001696353
gnome,knn,none,downsample,28,64,2852,1426,1426,950,475,475,short_long_description,200,240,141,235,334,0.6299212598425197,0.4130052724077329,0.5214632661251263,0.6299212598425197,0.4181184668989547,0.5026178010471205
gnome,knn,none,manual,28,64,2852,1426,1426,950,475,475,short_long_description,200,240,141,235,334,0.6299212598425197,0.4130052724077329,0.5214632661251263,0.6299212598425197,0.4181184668989547,0.5026178010471205
gnome,knn,none,smote,28,64,3202,1776,1426,1067,592,475,short_long_description,200,389,177,203,298,0.6872791519434629,0.405189620758483,0.546234386350973,0.6872791519434629,0.5662299854439592,0.6209098164405427
gnome,knn,none,unbalanced,28,64,3202,1776,1426,1067,592,475,short_long_description,200,378,165,214,310,0.6961325966850829,0.4083969465648855,0.5522647716249842,0.6961325966850829,0.5494186046511628,0.6141348497156782
gnome,knn,none,downsample,32,64,2852,1426,1426,950,475,475,short_long_description,200,277,149,198,326,0.6502347417840375,0.37786259541984735,0.5140486686019424,0.6502347417840375,0.4593698175787728,0.5383867832847424
gnome,knn,none,manual,32,64,2852,1426,1426,950,475,475,short_long_description,200,277,149,198,326,0.6502347417840375,0.37786259541984735,0.5140486686019424,0.6502347417840375,0.4593698175787728,0.5383867832847424
gnome,knn,none,smote,32,64,3259,1833,1426,1086,611,475,short_long_description,200,405,181,206,294,0.6911262798634812,0.412,0.5515631399317406,0.6911262798634812,0.5793991416309013,0.6303501945525292
gnome,knn,none,unbalanced,32,64,3259,1833,1426,1086,611,475,short_long_description,200,405,176,206,299,0.6970740103270223,0.4079207920792079,0.5524974012031151,0.6970740103270223,0.5752840909090909,0.6303501945525292
gnome,knn,none,downsample,36,64,2852,1426,1426,950,475,475,short_long_description,200,267,158,208,317,0.6282352941176471,0.3961904761904762,0.5122128851540617,0.6282352941176471,0.4571917808219178,0.5292368681863231
gnome,knn,none,manual,36,64,2852,1426,1426,950,475,475,short_long_description,200,267,158,208,317,0.6282352941176471,0.3961904761904762,0.5122128851540617,0.6282352941176471,0.4571917808219178,0.5292368681863231
gnome,knn,none,smote,36,64,3317,1891,1426,1105,630,475,short_long_description,200,412,176,218,299,0.7006802721088435,0.42166344294003866,0.5611718575244411,0.7006802721088435,0.5794655414908579,0.6343341031562741
gnome,knn,none,unbalanced,36,64,3317,1891,1426,1105,630,475,short_long_description,200,417,184,213,291,0.6938435940099834,0.4226190476190476,0.5582313208145155,0.6938435940099834,0.5889830508474576,0.637127578304049
gnome,knn,none,downsample,40,64,2852,1426,1426,950,475,475,short_long_description,200,278,141,197,334,0.6634844868735084,0.3709981167608286,0.5172413018171684,0.6634844868735084,0.4542483660130719,0.5392822502424831
gnome,knn,none,manual,40,64,2852,1426,1426,950,475,475,short_long_description,200,278,141,197,334,0.6634844868735084,0.3709981167608286,0.5172413018171684,0.6634844868735084,0.4542483660130719,0.5392822502424831
gnome,knn,none,smote,40,64,3374,1948,1426,1124,649,475,short_long_description,200,436,177,213,298,0.7112561174551386,0.41682974559686886,0.5640429315260037,0.7112561174551386,0.5940054495912807,0.6473645137342241
gnome,knn,none,unbalanced,40,64,3374,1948,1426,1124,649,475,short_long_description,200,443,173,206,302,0.7191558441558441,0.40551181102362205,0.562333827589733,0.7191558441558441,0.5946308724832214,0.6509919177075679
gnome,knn,none,downsample,44,64,2852,1426,1426,950,475,475,short_long_description,200,262,145,213,330,0.6437346437346437,0.39226519337016574,0.5179999185524047,0.6437346437346437,0.44256756756756754,0.5245245245245245
gnome,knn,none,manual,44,64,2852,1426,1426,950,475,475,short_long_description,200,262,145,213,330,0.6437346437346437,0.39226519337016574,0.5179999185524047,0.6437346437346437,0.44256756756756754,0.5245245245245245
gnome,knn,none,smote,44,64,3418,1992,1426,1139,664,475,short_long_description,200,447,187,217,288,0.7050473186119873,0.4297029702970297,0.5673751444545085,0.7050473186119873,0.6081632653061224,0.6530314097881665
gnome,knn,none,unbalanced,44,64,3418,1992,1426,1139,664,475,short_long_description,200,448,186,216,289,0.7066246056782335,0.4277227722772277,0.5671736889777306,0.7066246056782335,0.6078697421981004,0.6535375638220278
gnome,knn,none,downsample,48,64,2852,1426,1426,950,475,475,short_long_description,200,269,139,206,336,0.6593137254901961,0.3800738007380074,0.5196937631141018,0.6593137254901961,0.4446280991735537,0.5310957551826259
gnome,knn,none,manual,48,64,2852,1426,1426,950,475,475,short_long_description,200,269,139,206,336,0.6593137254901961,0.3800738007380074,0.5196937631141018,0.6593137254901961,0.4446280991735537,0.5310957551826259
gnome,knn,none,smote,48,64,3454,2028,1426,1151,676,475,short_long_description,200,467,209,209,266,0.6908284023668639,0.44,0.565414201183432,0.6908284023668639,0.6371077762619373,0.6628814762242725
gnome,knn,none,unbalanced,48,64,3454,2028,1426,1151,676,475,short_long_description,200,475,204,201,271,0.6995581737849779,0.4258474576271186,0.5627028157060483,0.6995581737849779,0.6367292225201072,0.6666666666666665
gnome,knn,none,downsample,52,64,2852,1426,1426,950,475,475,short_long_description,200,241,115,234,360,0.6769662921348315,0.3939393939393939,0.5354528430371127,0.6769662921348315,0.40099833610648916,0.5036572622779519
gnome,knn,none,manual,52,64,2852,1426,1426,950,475,475,short_long_description,200,241,115,234,360,0.6769662921348315,0.3939393939393939,0.5354528430371127,0.6769662921348315,0.40099833610648916,0.5036572622779519
gnome,knn,none,smote,52,64,3486,2060,1426,1161,686,475,short_long_description,200,494,193,192,282,0.7190684133915575,0.4050632911392405,0.562065852265399,0.7190684133915575,0.6365979381443299,0.6753246753246753
gnome,knn,none,unbalanced,52,64,3486,2060,1426,1161,686,475,short_long_description,200,467,179,219,296,0.7229102167182663,0.42524271844660194,0.5740764675824341,0.7229102167182663,0.6120576671035387,0.6628814762242726
gnome,knn,none,downsample,56,64,2852,1426,1426,950,475,475,short_long_description,200,280,150,195,325,0.6511627906976745,0.375,0.5130813953488372,0.6511627906976745,0.4628099173553719,0.5410628019323672
gnome,knn,none,manual,56,64,2852,1426,1426,950,475,475,short_long_description,200,280,150,195,325,0.6511627906976745,0.375,0.5130813953488372,0.6511627906976745,0.4628099173553719,0.5410628019323672
gnome,knn,none,smote,56,64,3517,2091,1426,1171,696,475,short_long_description,200,492,185,204,290,0.7267355982274741,0.41295546558704455,0.5698455319072593,0.7267355982274741,0.629156010230179,0.6744345442083619
gnome,knn,none,unbalanced,56,64,3517,2091,1426,1171,696,475,short_long_description,200,479,199,217,276,0.7064896755162242,0.44016227180527384,0.573325973660749,0.7064896755162242,0.6344370860927152,0.6685275645498953
gnome,knn,none,downsample,60,64,2852,1426,1426,950,475,475,short_long_description,200,269,163,206,312,0.6226851851851852,0.39768339768339767,0.5101842914342914,0.6226851851851852,0.4629948364888124,0.5310957551826259
gnome,knn,none,manual,60,64,2852,1426,1426,950,475,475,short_long_description,200,269,163,206,312,0.6226851851851852,0.39768339768339767,0.5101842914342914,0.6226851851851852,0.4629948364888124,0.5310957551826259
gnome,knn,none,smote,60,64,3546,2120,1426,1181,706,475,short_long_description,200,487,186,219,289,0.7236255572065379,0.4311023622047244,0.5773639597056311,0.7236255572065379,0.6275773195876289,0.6721877156659765
gnome,knn,none,unbalanced,60,64,3546,2120,1426,1181,706,475,short_long_description,200,478,187,228,288,0.718796992481203,0.4418604651162791,0.5803287287987411,0.718796992481203,0.6240208877284595,0.6680642907058001
gnome,knn,none,downsample,64,64,2852,1426,1426,950,475,475,short_long_description,200,258,153,217,322,0.6277372262773723,0.4025974025974026,0.5151673144373874,0.6277372262773723,0.44482758620689655,0.520686175580222
gnome,knn,none,manual,64,64,2852,1426,1426,950,475,475,short_long_description,200,258,153,217,322,0.6277372262773723,0.4025974025974026,0.5151673144373874,0.6277372262773723,0.44482758620689655,0.520686175580222
gnome,knn,none,smote,64,64,3583,2157,1426,1194,719,475,short_long_description,200,501,190,218,285,0.7250361794500724,0.43339960238568587,0.5792178909178791,0.7250361794500724,0.6374045801526718,0.6784021665538253
gnome,knn,none,unbalanced,64,64,3583,2157,1426,1194,719,475,short_long_description,200,478,203,241,272,0.7019089574155654,0.4697855750487329,0.5858472662321491,0.7019089574155654,0.6373333333333333,0.6680642907058001
gnome,knn,repeatedcv,downsample,4,64,2160,1080,1080,720,360,360,short_long_description,200,203,110,157,250,0.6485623003194888,0.3857493857493858,0.5171558430344373,0.6485623003194888,0.4481236203090508,0.5300261096605745
gnome,knn,repeatedcv,manual,4,64,2160,1080,1080,720,360,360,short_long_description,200,203,110,157,250,0.6485623003194888,0.3857493857493858,0.5171558430344373,0.6485623003194888,0.4481236203090508,0.5300261096605745
gnome,knn,repeatedcv,smote,4,64,2506,1080,1426,835,360,475,short_long_description,200,194,105,166,370,0.6488294314381271,0.30970149253731344,0.47926546198772024,0.6488294314381271,0.34397163120567376,0.4495944380069525
gnome,knn,repeatedcv,unbalanced,4,64,2506,1080,1426,835,360,475,short_long_description,200,182,129,178,346,0.5852090032154341,0.33969465648854963,0.46245182985199185,0.5852090032154341,0.3446969696969697,0.43384982121573307
gnome,knn,repeatedcv,downsample,8,64,2628,1314,1314,876,438,438,short_long_description,200,254,129,184,309,0.6631853785900783,0.37322515212981744,0.5182052653599478,0.6631853785900783,0.4511545293072824,0.5369978858350951
gnome,knn,repeatedcv,manual,8,64,2628,1314,1314,876,438,438,short_long_description,200,254,129,184,309,0.6631853785900783,0.37322515212981744,0.5182052653599478,0.6631853785900783,0.4511545293072824,0.5369978858350951
gnome,knn,repeatedcv,smote,8,64,2740,1314,1426,913,438,475,short_long_description,200,264,127,174,348,0.6751918158567775,0.3333333333333333,0.5042625745950554,0.6751918158567775,0.43137254901960786,0.5264207377866401
gnome,knn,repeatedcv,unbalanced,8,64,2740,1314,1426,913,438,475,short_long_description,200,236,139,202,336,0.6293333333333333,0.3754646840148699,0.5023990086741016,0.6293333333333333,0.4125874125874126,0.49841605068637806
gnome,knn,repeatedcv,downsample,12,64,2852,1426,1426,950,475,475,short_long_description,200,273,138,202,337,0.6642335766423357,0.3747680890538033,0.5195008328480695,0.6642335766423357,0.44754098360655736,0.534769833496572
gnome,knn,repeatedcv,manual,12,64,2852,1426,1426,950,475,475,short_long_description,200,273,138,202,337,0.6642335766423357,0.3747680890538033,0.5195008328480695,0.6642335766423357,0.44754098360655736,0.534769833496572
gnome,knn,repeatedcv,smote,12,64,2884,1458,1426,961,486,475,short_long_description,200,277,143,209,332,0.6595238095238095,0.38632162661737524,0.5229227180705924,0.6595238095238095,0.4548440065681445,0.5383867832847424
gnome,knn,repeatedcv,unbalanced,12,64,2884,1458,1426,961,486,475,short_long_description,200,287,145,199,330,0.6643518518518519,0.3761814744801512,0.5202666631660016,0.6643518518518519,0.4651539708265802,0.5471877979027645
gnome,knn,repeatedcv,downsample,16,64,2852,1426,1426,950,475,475,short_long_description,200,235,113,240,362,0.6752873563218391,0.39867109634551495,0.536979226333677,0.6752873563218391,0.3936348408710218,0.49735449735449744
gnome,knn,repeatedcv,manual,16,64,2852,1426,1426,950,475,475,short_long_description,200,235,113,240,362,0.6752873563218391,0.39867109634551495,0.536979226333677,0.6752873563218391,0.3936348408710218,0.49735449735449744
gnome,knn,repeatedcv,smote,16,64,2990,1564,1426,996,521,475,short_long_description,200,316,152,205,323,0.6752136752136753,0.38825757575757575,0.5317356254856255,0.6752136752136753,0.4945226917057903,0.5709123757904245
gnome,knn,repeatedcv,unbalanced,16,64,2990,1564,1426,996,521,475,short_long_description,200,304,153,217,322,0.6652078774617067,0.4025974025974026,0.5339026400295547,0.6652078774617067,0.48562300319488816,0.5614035087719299
gnome,knn,repeatedcv,downsample,20,64,2852,1426,1426,950,475,475,short_long_description,200,279,145,196,330,0.65801886792452835,0.3726235741444867,0.5153212210345075,0.65801886792452835,0.458128078817734,0.5401742497579864
gnome,knn,repeatedcv,manual,20,64,2852,1426,1426,950,475,475,short_long_description,200,279,145,196,330,0.65801886792452835,0.3726235741444867,0.5153212210345075,0.65801886792452835,0.458128078817734,0.5401742497579864
gnome,knn,repeatedcv,smote,20,64,3077,1651,1426,1025,550,475,short_long_description,200,368,174,182,301,0.6789667896678967,0.37681159420289856,0.5278891919353976,0.6789667896678967,0.55007473841554555,0.6077621800165153
gnome,knn,repeatedcv,unbalanced,20,64,3077,1651,1426,1025,550,475,short_long_description,200,308,148,242,327,0.6754385964912281,0.4253075571177504,0.5503730768044892,0.6754385964912281,0.48503937007874015,0.5646196150320807
gnome,knn,repeatedcv,downsample,24,64,2852,1426,1426,950,475,475,short_long_description,200,276,151,199,324,0.6463700234192038,0.38049713193116635,0.513433577675185,0.6463700234192038,0.46,0.5374878286270692
gnome,knn,repeatedcv,manual,24,64,2852,1426,1426,950,475,475,short_long_description,200,276,151,199,324,0.6463700234192038,0.38049713193116635,0.513433577675185,0.6463700234192038,0.46,0.5374878286270692
gnome,knn,repeatedcv,smote,24,64,3142,1716,1426,1047,572,475,short_long_description,200,350,152,222,323,0.6972111553784861,0.4073394495412844,0.5522753024598852,0.6972111553784861,0.5200594353640416,0.5957446808510639
gnome,knn,repeatedcv,unbalanced,24,64,3142,1716,1426,1047,572,475,short_long_description,200,352,129,220,346,0.7318087318087318,0.38869257950530034,0.56025065565701615,0.7318087318087318,0.504297994269341,0.5971162001696353
gnome,knn,repeatedcv,downsample,28,64,2852,1426,1426,950,475,475,short_long_description,200,240,141,235,334,0.6299212598425197,0.4130052724077329,0.5214632661251263,0.6299212598425197,0.4181184668989547,0.5026178010471205
gnome,knn,repeatedcv,manual,28,64,2852,1426,1426,950,475,475,short_long_description,200,240,141,235,334,0.6299212598425197,0.4130052724077329,0.5214632661251263,0.6299212598425197,0.4181184668989547,0.5026178010471205
gnome,knn,repeatedcv,smote,28,64,3202,1776,1426,1067,592,475,short_long_description,200,389,177,203,298,0.6872791519434629,0.405189620758483,0.546234386350973,0.6872791519434629,0.5662299854439592,0.6209098164405427
gnome,knn,repeatedcv,unbalanced,28,64,3202,1776,1426,1067,592,475,short_long_description,200,371,178,221,297,0.6757741347905283,0.4266409266409266,0.5512075307157275,0.6757741347905283,0.5553892215568862,0.609695973705834
gnome,knn,repeatedcv,downsample,32,64,2852,1426,1426,950,475,475,short_long_description,200,279,147,196,328,0.6549295774647887,0.37404580152671757,0.5144876894957532,0.6549295774647887,0.4596375617792422,0.5401742497579864
gnome,knn,repeatedcv,manual,32,64,2852,1426,1426,950,475,475,short_long_description,200,279,147,196,328,0.6549295774647887,0.37404580152671757,0.5144876894957532,0.6549295774647887,0.4596375617792422,0.5401742497579864
gnome,knn,repeatedcv,smote,32,64,3259,1833,1426,1086,611,475,short_long_description,200,414,181,197,294,0.6957983193277311,0.40122199592668023,0.5485101576272057,0.6957983193277311,0.5847457627118644,0.6354566385264773
gnome,knn,repeatedcv,unbalanced,32,64,3259,1833,1426,1086,611,475,short_long_description,200,410,172,201,303,0.7044673539518901,0.39880952380952384,0.551638438880707,0.7044673539518901,0.5750350631136045,0.6332046332046333
gnome,knn,repeatedcv,downsample,36,64,2852,1426,1426,950,475,475,short_long_description,200,267,159,208,316,0.6267605633802817,0.3969465648854962,0.511853564132889,0.6267605633802817,0.45797598627787306,0.529236868186323
gnome,knn,repeatedcv,manual,36,64,2852,1426,1426,950,475,475,short_long_description,200,267,159,208,316,0.6267605633802817,0.3969465648854962,0.511853564132889,0.6267605633802817,0.45797598627787306,0.529236868186323
gnome,knn,repeatedcv,smote,36,64,3317,1891,1426,1105,630,475,short_long_description,200,411,176,219,299,0.7001703577512777,0.42277992277992277,0.5614751402656002,0.7001703577512777,0.5788732394366197,0.6337702390131071
gnome,knn,repeatedcv,unbalanced,36,64,3317,1891,1426,1105,630,475,short_long_description,200,405,187,225,288,0.6841216216216216,0.43859649122807015,0.5613590564248458,0.6841216216216216,0.5844155844155844,0.6303501945525292
gnome,knn,repeatedcv,downsample,40,64,2852,1426,1426,950,475,475,short_long_description,200,278,141,197,334,0.6634844868735084,0.3709981167608286,0.5172413018171684,0.6634844868735084,0.4542483660130719,0.5392822502424831
gnome,knn,repeatedcv,manual,40,64,2852,1426,1426,950,475,475,short_long_description,200,278,141,197,334,0.6634844868735084,0.3709981167608286,0.5172413018171684,0.6634844868735084,0.4542483660130719,0.5392822502424831
gnome,knn,repeatedcv,smote,40,64,3374,1948,1426,1124,649,475,short_long_description,200,439,193,210,282,0.694620253164557,0.4268292682926829,0.56072476072862,0.694620253164557,0.608876560332871,0.6489283074648928
gnome,knn,repeatedcv,unbalanced,40,64,3374,1948,1426,1124,649,475,short_long_description,200,444,181,205,294,0.7104,0.41082164328657317,0.5606108216432866,0.7104,0.6016260162601627,0.6515040352164344
gnome,knn,repeatedcv,downsample,44,64,2852,1426,1426,950,475,475,short_long_description,200,262,145,213,330,0.6437346437346437,0.39226519337016574,0.5179999185524047,0.6437346437346437,0.44256756756756754,0.5245245245245245
gnome,knn,repeatedcv,manual,44,64,2852,1426,1426,950,475,475,short_long_description,200,262,145,213,330,0.6437346437346437,0.39226519337016574,0.5179999185524047,0.6437346437346437,0.44256756756756754,0.5245245245245245
gnome,knn,repeatedcv,smote,44,64,3418,1992,1426,1139,664,475,short_long_description,200,466,194,198,281,0.706060606060606,0.4133611691022965,0.5597108875814513,0.706060606060606,0.6238286479250335,0.6624022743425728
gnome,knn,repeatedcv,unbalanced,44,64,3418,1992,1426,1139,664,475,short_long_description,200,452,187,212,288,0.7073552425665102,0.424,0.565677621283255,0.7073552425665102,0.6108108108108108,0.6555474981870921
gnome,knn,repeatedcv,downsample,48,64,2852,1426,1426,950,475,475,short_long_description,200,269,139,206,336,0.6593137254901961,0.3800738007380074,0.5196937631141018,0.6593137254901961,0.4446280991735537,0.5310957551826259
gnome,knn,repeatedcv,manual,48,64,2852,1426,1426,950,475,475,short_long_description,200,269,139,206,336,0.6593137254901961,0.3800738007380074,0.5196937631141018,0.6593137254901961,0.4446280991735537,0.5310957551826259
gnome,knn,repeatedcv,smote,48,64,3454,2028,1426,1151,676,475,short_long_description,200,494,211,182,264,0.700709219858156,0.4080717488789238,0.5543904843685399,0.700709219858156,0.6517150395778364,0.6753246753246753
gnome,knn,repeatedcv,unbalanced,48,64,3454,2028,1426,1151,676,475,short_long_description,200,476,192,200,283,0.7125748502994012,0.4140786749482402,0.5633267626238206,0.7125748502994012,0.6271409749670619,0.667133847231955
gnome,knn,repeatedcv,downsample,52,64,2852,1426,1426,950,475,475,short_long_description,200,223,104,252,371,0.6819571865443425,0.4044943820224719,0.5432257842834072,0.6819571865443425,0.37542087542087543,0.48425624321389793
gnome,knn,repeatedcv,manual,52,64,2852,1426,1426,950,475,475,short_long_description,200,223,104,252,371,0.6819571865443425,0.4044943820224719,0.5432257842834072,0.6819571865443425,0.37542087542087543,0.48425624321389793
gnome,knn,repeatedcv,smote,52,64,3486,2060,1426,1161,686,475,short_long_description,200,499,200,187,275,0.7138769670958512,0.40476190476190477,0.559319435928878,0.7138769670958512,0.6447028423772609,0.6775288526816021
gnome,knn,repeatedcv,unbalanced,52,64,3486,2060,1426,1161,686,475,short_long_description,200,478,180,208,295,0.7264437689969605,0.4135188866799205,0.5699813278384405,0.7264437689969605,0.6183699870633894,0.6680642907058002
gnome,knn,repeatedcv,downsample,56,64,2852,1426,1426,950,475,475,short_long_description,200,280,150,195,325,0.6511627906976745,0.375,0.5130813953488372,0.6511627906976745,0.4628099173553719,0.5410628019323672
gnome,knn,repeatedcv,manual,56,64,2852,1426,1426,950,475,475,short_long_description,200,280,150,195,325,0.6511627906976745,0.375,0.5130813953488372,0.6511627906976745,0.4628099173553719,0.5410628019323672
gnome,knn,repeatedcv,smote,56,64,3517,2091,1426,1171,696,475,short_long_description,200,484,204,212,271,0.7034883720930233,0.4389233954451346,0.571205883769079,0.7034883720930233,0.6410596026490066,0.6708246708246708
gnome,knn,repeatedcv,unbalanced,56,64,3517,2091,1426,1171,696,475,short_long_description,200,488,204,208,271,0.7052023121387283,0.4342379958246347,0.5697201539816815,0.7052023121387283,0.6429512516469038,0.6726395589248794
gnome,knn,repeatedcv,downsample,60,64,2852,1426,1426,950,475,475,short_long_description,200,271,163,204,312,0.6244239631336406,0.3953488372093023,0.5098864001714715,0.6244239631336406,0.4648370497427101,0.5329400196656834
gnome,knn,repeatedcv,manual,60,64,2852,1426,1426,950,475,475,short_long_description,200,271,163,204,312,0.6244239631336406,0.3953488372093023,0.5098864001714715,0.6244239631336406,0.4648370497427101,0.5329400196656834
gnome,knn,repeatedcv,smote,60,64,3546,2120,1426,1181,706,475,short_long_description,200,502,197,204,278,0.7181688125894135,0.42323651452282157,0.5707026635561175,0.7181688125894135,0.6435897435897436,0.6788370520622043
gnome,knn,repeatedcv,unbalanced,60,64,3546,2120,1426,1181,706,475,short_long_description,200,489,192,217,283,0.7180616740088106,0.434,0.5760308370044053,0.7180616740088106,0.633419689119171,0.6730901582931865
gnome,knn,repeatedcv,downsample,64,64,2852,1426,1426,950,475,475,short_long_description,200,257,153,218,322,0.6268292682926829,0.40370370370370373,0.5152664859981934,0.6268292682926829,0.4438687392055268,0.5197168857431749
gnome,knn,repeatedcv,manual,64,64,2852,1426,1426,950,475,475,short_long_description,200,257,153,218,322,0.6268292682926829,0.40370370370370373,0.5152664859981934,0.6268292682926829,0.4438687392055268,0.5197168857431749
gnome,knn,repeatedcv,smote,64,64,3583,2157,1426,1194,719,475,short_long_description,200,521,190,198,285,0.7327707454289732,0.40993788819875776,0.5713543168138655,0.7327707454289732,0.6464019851116626,0.6868820039551747
gnome,knn,repeatedcv,unbalanced,64,64,3583,2157,1426,1194,719,475,short_long_description,200,510,211,209,264,0.7073509015256588,0.4418604651162791,0.574605683320969,0.7073509015256588,0.6589147286821705,0.6822742474916388
