Feature,Type,Count
Attachments,Qualitative,1
CC list,Qualitative,1
Comment,Qualitative,1
Complexity,Qualitative,1
Component,Qualitative,9
Description,Qualitative,17
Platform,Qualitative,1
Priority,Qualitative,4
Product,Qualitative,9
Reporter,Qualitative,3
Reporter experience,Qualitative,2
Reporter name,Qualitative,2
Severity,Qualitative,5
Summary,Qualitative,19
Summary weight,Quantitative Continuous,1
Bug fix time,Quantitative Continuous,1
Description size,Quantitative Discrete,2
Bug Id,Quantitative Discrete,1
Comment size,Quantitative Discrete,1
Importance,Quantitative Discrete,1
Number in CC list,Quantitative Discrete,2
Number of comments,Quantitative Discrete,1
Number of dependents,Quantitative Discrete,1
Number of duplicates,Quantitative Discrete,1
Report length,Quantitative Discrete,1
Reporter blocking experience,Quantitative Discrete,2
